sim_id,income_shock,debt_shock,late_event_prob,auc_roc,f1,recall,precision,default_rate_pred,mean_pd
0,0.8088562576828409,1.2076260410594064,0.03743651483749309,0.8600084812546148,0.4084328168656337,0.6031507876969242,0.3087557603686636,0.1302,0.08919404286165952
1,0.8161424820203855,1.0061477856014536,0.04582221960885557,0.8605247551240678,0.42523768366465,0.5536384096024006,0.3451824134705332,0.1069,0.07722738306139126
2,0.8690794066137402,1.1360242100101936,0.07102961982809305,0.8598345279253868,0.4116413214472994,0.5888972243060765,0.3164046755340588,0.12405,0.08578862094605505
3,0.8929053328257632,1.1368492372054846,0.042572259776784575,0.8598729274647371,0.4135720010686615,0.5806451612903226,0.3211618257261411,0.1205,0.08394176279268023
4,0.719104596506127,1.1234757303173644,0.04540281508779222,0.8593269949243886,0.4098146697990081,0.5888972243060765,0.3142514011208967,0.1249,0.08663816097323757
5,0.914013273859903,1.1453455653906037,0.012931068241601503,0.8601076047122885,0.4155139679956604,0.5746436609152288,0.3254035683942226,0.1177,0.0821423538381359
6,0.737358778207936,1.3274787329783675,0.020365937960196846,0.859378576095248,0.40283203125,0.6189047261815454,0.2985884907709012,0.13815,0.09310650189226424
7,0.824482148609837,1.3123559050298779,0.03821111607731623,0.8588633672051699,0.40226210966314235,0.6136534133533383,0.2991953182150695,0.1367,0.09305817986890924
8,0.9168227437917947,1.301073222872534,0.014401524449748349,0.8603011094553249,0.40772200772200773,0.5941485371342836,0.3103448275862069,0.1276,0.0879001622174387
9,0.8372707396318136,1.0462392851945428,0.03957823695618093,0.8598275553245733,0.4156059767570559,0.5633908477119279,0.3292415607189829,0.11405,0.08111487729069312
10,0.8357781038084451,1.0249305939714537,0.04516102963059058,0.859907348401894,0.41998306519898393,0.5581395348837209,0.33665158371040727,0.1105,0.07943861069396849
11,0.9949113065998607,1.165679538032254,0.06164999816664624,0.8598538583057399,0.4192477876106195,0.568642160540135,0.3320192728865528,0.11415,0.0800901833202008
12,0.8981189814813317,1.2097383938606554,0.07071717222193474,0.8593670019797766,0.4119618458365558,0.5993998499624906,0.31382560879811466,0.1273,0.08759413201209604
13,0.9218436717522082,1.142741438483446,0.048421558150092414,0.8598259478085357,0.4145021645021645,0.5746436609152288,0.32416419805332203,0.11815,0.08270879906518937
14,0.8837683904693905,1.1254345739065927,0.07923653459560717,0.8593795205109199,0.4125465178096757,0.582145536384096,0.3194730341704405,0.12145,0.08506153156231028
15,0.8610000405922941,1.3289689299575553,0.027683333181775176,0.8597895576642325,0.40418639421878894,0.6084021005251313,0.30261194029850746,0.134,0.09130958286882555
16,0.7138099681690196,1.036779889659396,0.035936845955506135,0.86109474012313,0.41846490030046435,0.5746436609152288,0.3290378006872852,0.1164,0.08150559970553234
17,0.7891884030959945,1.1220406572531483,0.014295925574364841,0.8605287538202115,0.413262599469496,0.5843960990247562,0.31965531391054575,0.12185,0.08471997760446463
18,0.8568753687990496,1.258699640407036,0.05761651202726636,0.8592603231967256,0.40867810292633705,0.6076519129782446,0.30786773090079816,0.13155,0.0912396471739478
19,0.7145922825749571,1.0093374101742276,0.012653664452492167,0.8609731918167306,0.4273894436519258,0.5618904726181545,0.34484346224677714,0.1086,0.07780792446580838
20,0.7391775894421194,1.0366892769445313,0.019956953468659614,0.8603220473517157,0.4198008849557522,0.5693923480870218,0.3324572930354796,0.11415,0.08054154156954388
21,0.7702356330856003,1.0004480193637055,0.02737032310697393,0.8611736892545309,0.42944074181396696,0.5558889722430608,0.34985835694050993,0.1059,0.07644158492721595
22,0.8322369300841241,1.292805781563656,0.04428119106777154,0.8601251266370993,0.4051574510290107,0.6129032258064516,0.3025925925925926,0.135,0.09245568705136001
23,0.8894928655101464,1.2903152837610736,0.07379608428951122,0.8599719504526584,0.4075,0.6114028507126782,0.3055868016497938,0.13335,0.09130808550881425
24,0.8699388653891355,1.2965188797688945,0.015350803009350978,0.8595662736865981,0.4057243283956816,0.6061515378844711,0.3049056603773585,0.1325,0.09029101234203908
25,0.8174115125371781,1.3301661652138062,0.07855428316594569,0.8583029268325812,0.40077632217370207,0.6196549137284321,0.2961634994621728,0.13945,0.09436457595292636
26,0.9532534549699918,1.2144036542998398,0.05996814335394705,0.859868064728723,0.41425152884871047,0.5843960990247562,0.32084019769357497,0.1214,0.08434495110090039
27,0.9175517642357793,1.2556066107116548,0.04671676777466588,0.860133385250743,0.4113842173350582,0.5963990997749438,0.31398104265402843,0.1266,0.08751315764066418
28,0.7862781071832718,1.3407114839604952,0.050771504186691144,0.859246558840653,0.40009711094925954,0.6181545386346586,0.29576453697056715,0.1393,0.09403135997063124
29,0.9648724404374285,1.1991294769372525,0.011296089635975785,0.8604753440998596,0.4203648243942282,0.5791447861965492,0.3299145299145299,0.117,0.08136331809982246
30,0.7925938290586747,1.153845046383864,0.03138270404148088,0.8599673087500995,0.4090554254488681,0.5896474118529632,0.31314741035856575,0.1255,0.08673634694736952
31,0.9305112680589938,1.0105920676720686,0.06502814949407672,0.8608418175685508,0.4260459634649381,0.5423855963990998,0.3508005822416303,0.10305,0.07489214363624883
32,0.9534333051341888,1.014075803247339,0.022589375392901685,0.8606976635678714,0.4261025029797378,0.536384096024006,0.35343549184379636,0.10115,0.07295934316097652
33,0.9778385056473464,1.329347095739357,0.018526503528259346,0.8594664670346084,0.414614773629865,0.5873968492123031,0.32037643207855976,0.1222,0.08432698204330338
34,0.7711948880019003,1.1795121565308944,0.05118833971409068,0.8590670796750455,0.4084328168656337,0.6031507876969242,0.3087557603686636,0.1302,0.08883517502226922
35,0.9700221319349271,1.3095844893683788,0.05245196715124893,0.8591273615264586,0.4086752025084923,0.5866466616654163,0.31355252606255013,0.1247,0.08637695439603114
36,0.9301669071170171,1.1523226954712753,0.041946364102801434,0.8601655757593976,0.41500269832703723,0.5768942235558889,0.32406236831015595,0.11865,0.08260003612681988
37,0.8970034277982661,1.2751781547571899,0.01754607819656703,0.8605148488064855,0.4090094701817251,0.5993998499624906,0.31041181041181043,0.1287,0.08839075253480114
38,0.7896826074384975,1.0060610803146983,0.06742452812650304,0.8601113823749773,0.42628571428571427,0.5596399099774944,0.34425473004153206,0.10835,0.078224221418445
39,0.922264358326113,1.0700922755705844,0.05365762195774673,0.8604544062034687,0.41612993559227107,0.5573893473368342,0.3319928507596068,0.1119,0.07961643906426079
40,0.8062204074289174,1.0144106952121288,0.014067407874533755,0.8601031639492345,0.4224629418472064,0.5558889722430608,0.3406896551724138,0.10875,0.0776947037743302
41,0.7703231557506048,1.2729965076211553,0.04349709859600598,0.8599026464174837,0.40484429065743943,0.614403600900225,0.3018798378179137,0.13565,0.09238113276790455
42,0.7287480908009772,1.143179412049671,0.06459255496084025,0.859750977279328,0.4075975359342916,0.595648912228057,0.30979321108076474,0.12815,0.08812671364313669
43,0.9603738941735779,1.2951002115140198,0.018322982031597032,0.8597984793782417,0.413266649118189,0.5888972243060765,0.31832927818329276,0.1233,0.0852777245909802
44,0.8019544889849102,1.3012051268459282,0.03578764990544707,0.8592147300231069,0.400295057782149,0.6106526631657915,0.29773226042428674,0.1367,0.09271910591599618
45,0.8646286973931149,1.1908915336904964,0.05525505131346214,0.8598974018964108,0.4110366168127901,0.5978994748687172,0.3131630648330059,0.12725,0.08791944702924086
46,0.7628465635314938,1.1591955124368096,0.0704127149302146,0.860195616215352,0.4088114754098361,0.5986496624156039,0.3103850641773629,0.12855,0.08862843449960445
47,0.9401925596795513,1.2501079873823904,0.06243775422099768,0.8591410053188284,0.4088197146562905,0.5911477869467366,0.31245043616177637,0.1261,0.08659299892699979
48,0.9972944823094407,1.2413384938729433,0.0636864686243864,0.858589346002596,0.4175646551724138,0.5813953488372093,0.32576712904581756,0.11895,0.08278631445574279
49,0.9797750163316716,1.2403818854291195,0.06863877306533735,0.8595267488860214,0.4204606320299946,0.5888972243060765,0.32694710537276134,0.12005,0.08405292726009474
50,0.9307770438083287,1.0603445862076615,0.07376959816404745,0.8602790864856086,0.41629213483146066,0.5558889722430608,0.33273462056578357,0.11135,0.07939133466184248
51,0.8627778290256225,1.054499068965856,0.06892094703339541,0.8593891656071462,0.4158686730506156,0.5701425356339085,0.3273040482342808,0.1161,0.0819555675534714
52,0.7599098955689907,1.1788732969821811,0.058356853875343194,0.8598122437343143,0.40548084242578025,0.5993998499624906,0.3063650306748466,0.1304,0.08910623321994858
53,0.8378272007642162,1.160197951953856,0.07508559775567068,0.8586152069168521,0.40774193548387094,0.5926481620405101,0.3107789142407553,0.1271,0.0881894514039217
54,0.8540988024816837,1.2356440751231421,0.02323623703714005,0.8601744371915554,0.41009946442234124,0.6031507876969242,0.3106646058732612,0.1294,0.08905506817176777
55,0.8500105173871045,1.2387562160303531,0.0746562041741827,0.8589753708850956,0.4095357590966123,0.6121530382595649,0.3076923076923077,0.1326,0.09116120580213226
56,0.7105428842815915,1.0739615630226973,0.07404486241184308,0.8591676498971532,0.4146341463414634,0.5866466616654163,0.3206232062320623,0.12195,0.085096395663006
57,0.810136024645458,1.237064374930666,0.03578543953652471,0.8595986651347575,0.4064548663640948,0.6046511627906976,0.306114698063046,0.13165,0.09026042100988826
58,0.8011768486131334,1.0067341889094958,0.017750507002608558,0.8614359956839802,0.42592592592592593,0.5521380345086272,0.34667922750824304,0.10615,0.0765201761838774
59,0.8880105239067314,1.1304030127126072,0.017049315588034172,0.8605146880548818,0.41509433962264153,0.5776444111027756,0.3239377366428271,0.11885,0.08297385941427085
60,0.7238417600219773,1.2150874428105305,0.03649512058415774,0.8601499024780302,0.40823499874466485,0.6099024756189048,0.3067924528301887,0.1325,0.09042859223799536
61,0.7852711742191895,1.0497947852348508,0.05215251103128333,0.8601094332617815,0.41432085269199237,0.568642160540135,0.32588134135855545,0.1163,0.08225429818171251
62,0.9824811950926517,1.031278386392885,0.053377276054585504,0.85991102559483,0.42179675994108984,0.5371342835708928,0.3472356935014549,0.1031,0.07412796651557363
63,0.8492181056040337,1.3499621143187164,0.06829857019160887,0.858348982167061,0.4043179587831207,0.6181545386346586,0.3004010207801677,0.13715,0.09389293737519436
64,0.9540713449654284,1.1019010069712885,0.029463745521100718,0.859999619822457,0.42164283711802636,0.5641410352588146,0.3366159355416294,0.1117,0.0786882861353054
65,0.8270937767811741,1.0945294315158216,0.043239507549339355,0.8601023400972652,0.4142169962586852,0.5813953488372093,0.32171025321710256,0.12045,0.0840904902042192
66,0.8587525275856694,1.153964144934864,0.017085090942369947,0.8597669720639033,0.4098791382028376,0.5851462865716429,0.3154063890012131,0.12365,0.08525346175902085
67,0.8863645284724558,1.1777867467174263,0.04695102423548363,0.8594443435951398,0.4111661883642056,0.5911477869467366,0.3152,0.125,0.08610953111585898
68,0.8853404494760441,1.0065621175685677,0.04363352997066846,0.8615498078194483,0.4266900790166813,0.5468867216804201,0.3498080614203455,0.1042,0.0755727983321796
69,0.9313556240687568,1.0154932963991838,0.03928343350483317,0.86117535705242,0.42384887839433294,0.5386346586646662,0.3493917274939173,0.10275,0.07451465543021432
70,0.9551302196156737,1.097201287310898,0.0591229864470922,0.8595419801004787,0.4201117318435754,0.5641410352588146,0.3346684468179795,0.11235,0.07933477440376493
71,0.7825477774424604,1.046376614902469,0.03250722848506061,0.8600320112706163,0.41565600882028664,0.5656414103525882,0.32854030501089326,0.11475,0.0813081586416856
72,0.9844177191668333,1.2581596468126883,0.027130666193335512,0.8606715213383085,0.4182795698924731,0.5836459114778695,0.3259321323837453,0.11935,0.08308026205789025
73,0.7440236365209821,1.057641512284469,0.05016557450434888,0.8597340179851304,0.4145021645021645,0.5746436609152288,0.32416419805332203,0.11815,0.08288475306443203
74,0.8799595942497278,1.2988777141235244,0.0705186385774548,0.8594736807628274,0.40566741237882176,0.6121530382595649,0.3033457249070632,0.1345,0.09197977800917502
75,0.7303202279909351,1.1068897933914923,0.05823768136990407,0.8596286854967612,0.41162608012568735,0.5896474118529632,0.3161705551086082,0.1243,0.08610068626692728
76,0.8390294548966643,1.0491683297253485,0.04404217786904007,0.8598488950999736,0.41740088105726875,0.568642160540135,0.3297085689430187,0.11495,0.08146300543563652
77,0.9244758375452948,1.132264412326105,0.07403276654862649,0.860613309163794,0.4119708816392559,0.5731432858214554,0.32154882154882153,0.1188,0.08306366047801957
78,0.9575261810382212,1.189279223432772,0.056054460328313335,0.8596955782578795,0.4164427727028479,0.5813953488372093,0.32440351611552953,0.11945,0.08310673163638116
79,0.7822039529942798,1.0408469133984877,0.06694883939331077,0.859705243448056,0.41566265060240964,0.5693923480870218,0.32729624838292365,0.11595,0.08215686179999318
80,0.9381590489884695,1.0564864726555652,0.07347656893536732,0.8600149716006169,0.41882750845546785,0.5573893473368342,0.33544018058690744,0.11075,0.07867099059450332
81,0.9447001125853849,1.3247681005763765,0.07118633630908744,0.8593138936686815,0.41228070175438597,0.5993998499624906,0.3141958316948486,0.12715,0.08809223585055048
82,0.7179777096097542,1.0605873152536052,0.0590170686210706,0.8597578092224883,0.4130317716747442,0.5753938484621155,0.3221335573288534,0.11905,0.08370521424354223
83,0.7595906866028576,1.237872752193312,0.07208766582069838,0.8596313780861242,0.40138237472229077,0.6099024756189048,0.29911699779249445,0.1359,0.09222479599966293
84,0.8210853582655953,1.1598299594896369,0.033226012108438285,0.8597396844791634,0.40856844305120166,0.5866466616654163,0.31342685370741485,0.12475,0.08672623292861677
85,0.8522433661449803,1.112832892498255,0.01614460592450307,0.8609215302700695,0.4143853998926463,0.5791447861965492,0.3226076055160886,0.11965,0.08356212950961439
86,0.8433771979423017,1.0633735765130796,0.058467400137767606,0.8596743590461821,0.4148067501360915,0.5716429107276819,0.3255019222554464,0.11705,0.08257565936079123
87,0.7595570608871933,1.137895460250641,0.039901610589826796,0.8596249078340726,0.41083051288726896,0.5918979744936234,0.3145933014354067,0.1254,0.08644234542947825
88,0.7104138584981174,1.2499303867706446,0.04820665964364742,0.8590206224615564,0.40465577018325904,0.6129032258064516,0.3020332717190388,0.13525,0.09266363115194386
89,0.9173645120713652,1.2722698989215484,0.03366295614772682,0.8598692301778503,0.41081081081081083,0.5986496624156039,0.3126959247648903,0.1276,0.08765167601672647
90,0.7419401111842548,1.065291058086885,0.06308585724881893,0.8610122142685455,0.4127408993576017,0.5783945986496624,0.3208489388264669,0.12015,0.08385867116925838
91,0.7102012556145249,1.1297022712695313,0.05220575520809565,0.8592594792508059,0.4117341640706127,0.5948987246811703,0.314807463279079,0.12595,0.0873819043279937
92,0.7549352176471336,1.0051301504637402,0.04457212291159676,0.8600948048658384,0.42754249495822527,0.5566391597899475,0.3470533208606174,0.1069,0.07748434004801352
93,0.8277415649249784,1.3059135321774018,0.012842429833840662,0.859558497327766,0.4015884834946637,0.6069017254313578,0.3000741839762611,0.1348,0.09183095532310133
94,0.7169709859621305,1.028250265700441,0.06658912637356994,0.8606112193929449,0.4224114254325735,0.5768942235558889,0.3331889081455806,0.1154,0.08186338895372089
95,0.7494444298756697,1.0818273191310952,0.037285279025149436,0.8602711091872716,0.41170155662909286,0.5753938484621155,0.3205181780192227,0.11965,0.08366877810594289
96,0.8278845527405514,1.3477345089011084,0.051710839635719735,0.8586502909543747,0.400390625,0.6151537884471118,0.2967788635541079,0.13815,0.09378626668594998
97,0.9382332495885268,1.0968752873184662,0.07283352351668537,0.8606962569913383,0.416,0.5656414103525882,0.32897033158813266,0.1146,0.08076932236390665
98,0.9660376599908334,1.1647971464761728,0.022819107918676945,0.8600651261009928,0.418476766565851,0.5708927231807952,0.3302951388888889,0.1152,0.08041298639807047
99,0.9949947498523829,1.0598725132059865,0.024191696814571548,0.8605769793013421,0.4174728818528291,0.5341335333833458,0.3426371511068335,0.1039,0.07435119029560887
100,0.9149355177057097,1.070004386353659,0.013744326169190902,0.8605346815356005,0.4162207828780625,0.5543885971492873,0.33318304779080254,0.1109,0.07871709879890577
101,0.9607449649572535,1.3079819973950184,0.044234014118260195,0.859297999353859,0.4106029106029106,0.5926481620405101,0.31411530815109345,0.12575,0.08664408372200416
102,0.7475042256493081,1.11845250125447,0.05882283804385105,0.8593945105979716,0.4096511932861264,0.5858964741185296,0.3149193548387097,0.124,0.08638739339556195
103,0.8740579783415252,1.0529986904759705,0.06493852323012558,0.8599439193917514,0.4156059767570559,0.5633908477119279,0.3292415607189829,0.11405,0.08127621892919888
104,0.9020259753807709,1.1518956929245798,0.03599209404082469,0.8594555560195025,0.41127959563713756,0.5798949737434359,0.31863149216817804,0.1213,0.08398106718599208
105,0.914281827423282,1.2413765315095482,0.05769000559324314,0.8603400515313379,0.40947720834406387,0.5963990997749438,0.31176470588235294,0.1275,0.08752201913819602
106,0.7481222706889059,1.2100711966031779,0.021441118682995586,0.8602137007707759,0.40842212075088785,0.6039009752438109,0.3085473361441165,0.13045,0.08932741173514128
107,0.8141965997397314,1.1671230131859687,0.023357784345291954,0.8605353245420159,0.40935064935064935,0.5911477869467366,0.3130711164084227,0.12585,0.0868417757748593
108,0.8439442756972495,1.2666449781827793,0.03655736985903631,0.859344918728209,0.4060377358490566,0.6054013503375844,0.30545041635124903,0.1321,0.09099888114465839
109,0.913235003551159,1.0141249110880413,0.040221028090866334,0.8610451884412685,0.42473745624270715,0.5461365341335334,0.3474940334128878,0.10475,0.0754391373819247
110,0.7615798740210854,1.2309531000526412,0.07256311062723994,0.8598061351733712,0.4003949642063688,0.6084021005251313,0.2983811626195732,0.1359,0.09208815468576852
111,0.943463541513061,1.2744979258286775,0.027399228931447882,0.8603213239694988,0.4127315418732064,0.5933983495873969,0.3164,0.125,0.08608657387602246
112,0.9408996476588116,1.1144975422673669,0.03984942746870729,0.8606634033823183,0.4149377593360996,0.5626406601650412,0.32865907099035935,0.1141,0.08036200199378854
113,0.9516885158771158,1.1639953441232864,0.07323997778119717,0.8600971558580436,0.41433189655172414,0.5768942235558889,0.32324506094997896,0.11895,0.08301608824262346
114,0.9711279736377553,1.324458640384477,0.017961723580782095,0.859688826690521,0.4128998149616706,0.5858964741185296,0.3187755102040816,0.1225,0.08452733827132049
115,0.7199948278670885,1.1264790851341528,0.032419768656943036,0.8595589594886266,0.4105510577174197,0.5896474118529632,0.31490384615384615,0.1248,0.08632664995866286
116,0.7729751883368272,1.2723928433926146,0.038219125104933895,0.8594289717230292,0.4035696579077838,0.6106526631657915,0.3013698630136986,0.13505,0.09212219292614791
117,0.9662329930196238,1.0838015732724113,0.05374846199611943,0.859735746064871,0.4229675952245594,0.5581395348837209,0.34050343249427917,0.10925,0.07792745795906672
118,0.9781083124617544,1.1397771225635576,0.04699007650834778,0.8602953625854902,0.41900527924423453,0.5656414103525882,0.3327449249779347,0.1133,0.0795360723048943
119,0.8292114895791658,1.1373058602114212,0.07330370515524945,0.8585737129091294,0.4091858037578288,0.5881470367591898,0.3137254901960784,0.12495,0.0869926541868645
120,0.8982649674957698,1.2573768247910369,0.016115318658282654,0.860280975316953,0.4119618458365558,0.5993998499624906,0.31382560879811466,0.1273,0.0876458060231155
121,0.9219471427411496,1.2829828585995138,0.028275979538812585,0.8599059016374602,0.4107744107744108,0.5948987246811703,0.3136867088607595,0.1264,0.08759142113590676
122,0.7768424450222556,1.124121323065822,0.026598150593852024,0.8605883725712591,0.4119198312236287,0.5858964741185296,0.3176087840585604,0.12295,0.08533697361357619
123,0.7268169356813582,1.0838288754520857,0.0734627076925148,0.8594524414571796,0.41164021164021164,0.5836459114778695,0.3179403351042092,0.12235,0.08532256362251765
124,0.9639349998271387,1.105623350548539,0.015944998248430726,0.8603479685478236,0.42167654530059273,0.5603900975243811,0.3380090497737557,0.1105,0.07784896296490568
125,0.7243136685582435,1.0200595327482063,0.028931222440232517,0.8600510603356629,0.4206393718452047,0.5626406601650412,0.33587102552619796,0.11165,0.07950224482156643
126,0.933142309845907,1.0882130093043074,0.0766525880343113,0.8597182040461097,0.41941747572815535,0.5671417854463616,0.33274647887323944,0.1136,0.08068090918868104
127,0.7426879898028639,1.1959644436978683,0.02120251915364203,0.8601343698543159,0.40735068912710565,0.5986496624156039,0.3087040618955513,0.12925,0.08870636747719746
128,0.9021016789874987,1.0117605936326366,0.028223497752939752,0.8612867780077822,0.42724097788125726,0.5506376594148538,0.3490252020922492,0.10515,0.07524234738942816
129,0.948267067923209,1.2532657019651114,0.03191719060365809,0.8605075145145636,0.4143195577783627,0.5903975993998499,0.3191403081914031,0.1233,0.08518404698306717
130,0.9037256787811019,1.1195688912022084,0.053752995035853304,0.8592850588497554,0.41321869962385815,0.5768942235558889,0.3218920050230222,0.11945,0.08299770812451873
131,0.963001101206074,1.1824747618739806,0.033540996371964074,0.8604866971818756,0.4188196899646451,0.5776444111027756,0.32849829351535836,0.1172,0.08165047034415225
132,0.7000242104660452,1.1571529299278764,0.01895139802432729,0.8603723425097448,0.41238709677419355,0.5993998499624906,0.3143194335169158,0.1271,0.08764297382031716
133,0.8709548996224751,1.295207901243733,0.02341089896161209,0.8593203237328322,0.40472006025608837,0.6046511627906976,0.3041509433962264,0.1325,0.09051116953480155
134,0.9643301721923005,1.1703654888130268,0.013045534265630062,0.8604344930985518,0.4200109950522265,0.5731432858214554,0.3314533622559653,0.11525,0.08044486637323821
135,0.7991325410686332,1.0994917072587898,0.05764726423919355,0.8599097194880495,0.4099576271186441,0.5806451612903226,0.3168235775685632,0.12215,0.08505834601471565
136,0.9843751983022628,1.3360702076975828,0.04592361621303294,0.8592812209052155,0.4129746835443038,0.5873968492123031,0.3184221228141521,0.12295,0.08497585035434357
137,0.8055501721453243,1.3467065335731354,0.03650140816539027,0.8591967057495342,0.4,0.6151537884471118,0.2963498373689917,0.13835,0.09348598508633858
138,0.810287806224427,1.3480435516038878,0.04253109686774683,0.8593301295806621,0.3974732750242954,0.6136534133533383,0.2939274164570607,0.13915,0.09362076267291172
139,0.7849049582832116,1.1838322349568673,0.06981141262174503,0.8603133064832609,0.40585562847046946,0.6031507876969242,0.3058197033092431,0.13145,0.08963088194310531
140,0.7856352129392856,1.207360804635131,0.07131243173649786,0.8597818013993506,0.40540540540540543,0.6076519129782446,0.3041682313180623,0.13315,0.09065062135050492
141,0.9599726756254257,1.2276963269668546,0.05401962149412911,0.8597547549420166,0.4151345590194511,0.5843960990247562,0.321900826446281,0.121,0.08415442777037503
142,0.7229706568821038,1.3069158335606637,0.01716096934864718,0.859820803757215,0.40353460972017674,0.6166541635408852,0.2998905508938344,0.13705,0.09333725213331234
143,0.8306640988559173,1.278766744865933,0.022025896888656662,0.8595640633520464,0.4039136979427998,0.6039009752438109,0.3034300791556728,0.13265,0.09124959298078639
144,0.7004507131229537,1.1170645898549674,0.020149143823445497,0.8610902591721751,0.4109947643979058,0.5888972243060765,0.3156413349416968,0.12435,0.08587928287635328
145,0.833951923400904,1.264405580293001,0.07352900611033447,0.8593325207607683,0.4025717111770524,0.6106526631657915,0.300258207303578,0.13555,0.092559200453109
146,0.9290656733995474,1.3211053022143238,0.06913328936504874,0.8590963163729809,0.4110712455151205,0.6016504126031508,0.31218372907746206,0.12845,0.0888538237105373
147,0.7180763461982262,1.0778976133012648,0.040955503698518886,0.8598349900862476,0.41537640149492794,0.5836459114778695,0.322420223787816,0.12065,0.0840581806409179
148,0.9541077151689272,1.3140859295431866,0.046804094730397594,0.8597161946510627,0.40859658208182287,0.5918979744936234,0.31198102016607354,0.12645,0.08732555123405301
149,0.7919676416566076,1.0846033005783253,0.061512490388411604,0.8586872839171918,0.41302027748132336,0.5806451612903226,0.3204968944099379,0.12075,0.08451840266788581
150,0.9291522207336954,1.1829751858067978,0.06961596577678618,0.8597172596304377,0.41273209549071616,0.5836459114778695,0.3192449733278621,0.12185,0.08482369820159816
151,0.9154920136997551,1.2657601359494408,0.03203511131631508,0.859843530015198,0.411522633744856,0.6001500375093773,0.3131115459882583,0.12775,0.08744356649133384
152,0.810878943034563,1.0484478170378961,0.045164820210460505,0.8594456497019203,0.41566265060240964,0.5693923480870218,0.32729624838292365,0.11595,0.08173597409292858
153,0.8529858774669047,1.268885373863993,0.07677287369230311,0.8592027540286261,0.404472049689441,0.6106526631657915,0.30237741456166417,0.1346,0.09232067107139832
154,0.8511185520797737,1.0821933528245562,0.0517896591583469,0.8596652363926682,0.4151967435549525,0.5738934733683421,0.3252551020408163,0.1176,0.0832465459227056
155,0.774271651292978,1.1437869818085598,0.040402116975100426,0.8599383332735204,0.4105098855359001,0.5918979744936234,0.3142174432497013,0.12555,0.08676346992278157
156,0.7629748080428381,1.18914718825459,0.045882613712095024,0.8607641745439307,0.40865139949109414,0.6024006001500375,0.3092029264536003,0.12985,0.0891739398922309
157,0.846670119933172,1.198947646527435,0.025530634619446865,0.8605266037675111,0.408142231383664,0.5941485371342836,0.3108320251177394,0.1274,0.08777633313350025
158,0.9581256380501608,1.01852189458475,0.05084297763617531,0.8607838666153922,0.4253554502369668,0.5386346586646662,0.35144395496818404,0.10215,0.07384710015448828
159,0.7681925581629498,1.156322018278009,0.05286518335261349,0.8595812034917981,0.4102960102960103,0.5978994748687172,0.3123040752351097,0.1276,0.08776411716075302
160,0.7682834072251298,1.017532622843513,0.024390739832610406,0.8605016269870757,0.421976777116964,0.5588897224306076,0.33894449499545043,0.1099,0.0784618565170087
161,0.9341105426939336,1.0542860312300462,0.0651640112070888,0.8585940479870061,0.4179698606767131,0.5513878469617405,0.33653846153846156,0.1092,0.07847904245827711
162,0.7250441059128359,1.0189923123423583,0.06814255497189049,0.860573302108406,0.4177777777777778,0.5641410352588146,0.3317159241288046,0.11335,0.08050117315795281
163,0.7413772494083228,1.301211304012017,0.020025647842672467,0.8596946338422073,0.40137558339474333,0.6129032258064516,0.29839298758217675,0.1369,0.09287815311194983
164,0.9138632402859175,1.2778050182222764,0.013449919929926167,0.860363903050547,0.41228070175438597,0.5993998499624906,0.3141958316948486,0.12715,0.08733806532076115
165,0.8412923565336282,1.0479032441376506,0.017175113020394518,0.8606192569731332,0.41736227045075125,0.5626406601650412,0.33171163202122955,0.11305,0.080312444496183
166,0.9076138972317038,1.2073606576630764,0.046937429475125594,0.8603884578580226,0.41294701122422345,0.5933983495873969,0.3166533226581265,0.1249,0.08619659427010724
167,0.771135352865737,1.1880666710827628,0.012038437269874587,0.8600723599231623,0.4090210148641722,0.5986496624156039,0.3106267029972752,0.12845,0.08776477477570777
168,0.8246420243280741,1.1189269888048918,0.06501625645135414,0.858757210864831,0.40913865546218486,0.5843960990247562,0.3147474747474747,0.12375,0.08608412106808584
169,0.7829620309035636,1.2265042640038113,0.05178250501680109,0.8603612908369859,0.40380761523046094,0.6046511627906976,0.3031214742384355,0.13295,0.0908118601476279
170,0.8576866187524462,1.2907695343227767,0.07889488441595652,0.8597645005079951,0.40276748208549545,0.6114028507126782,0.3002947678703021,0.1357,0.09305206685073793
171,0.773714755455128,1.2974514302253937,0.06966063530683546,0.8593804046447406,0.3978728547256466,0.6174043510877719,0.293509272467903,0.1402,0.0943059880229468
172,0.7169193197208419,1.2810996158878225,0.06477993933101042,0.8598061753612721,0.4041727316836487,0.6249062265566392,0.2986733596271065,0.13945,0.09436869045305284
173,0.8626686709526954,1.1417693679148502,0.04251266018759923,0.859832659187993,0.4090312417957469,0.5843960990247562,0.31462035541195477,0.1238,0.08538816007429968
174,0.7306680587662749,1.251704992605163,0.02247960646949628,0.8602247524435349,0.4060787244643747,0.6114028507126782,0.3039910481163745,0.13405,0.09133381193747526
175,0.8188582817414262,1.112614477372784,0.0747094032126746,0.8588336281584726,0.4092827004219409,0.582145536384096,0.31557543716958114,0.12295,0.08600425101557754
176,0.7875858243938144,1.0006077506697117,0.044508394172037155,0.8607233838244743,0.4277456647398844,0.5551387846961741,0.34790785143394454,0.10635,0.07695783414120497
177,0.9173919391192993,1.0493501997779986,0.055567368082754476,0.8603260259539091,0.42001130582249857,0.5573893473368342,0.33696145124716553,0.11025,0.07864799971069988
178,0.9761192767016418,1.1259717716904278,0.05459212586178887,0.8588283434494988,0.41882483987747143,0.5641410352588146,0.3330380868024801,0.1129,0.0793650751181132
179,0.956474534891837,1.2011183937768364,0.06820421209546694,0.8587931589422239,0.4169119614664169,0.5843960990247562,0.3240432612312812,0.1202,0.08395944952607799
180,0.9536101889931827,1.1799462981444462,0.021158970593180247,0.8597893768186784,0.41680216802168024,0.5768942235558889,0.32626219770895204,0.11785,0.08175732579670046
181,0.7446850331729526,1.2573092440622093,0.024010049904401733,0.860125709361663,0.40691556001002255,0.609152288072018,0.3054928517682468,0.1329,0.09141469967033788
182,0.9717447235532912,1.2479810574354184,0.04092171705181505,0.8593621392437627,0.41831815747188,0.5858964741185296,0.3252811328613078,0.12005,0.0837882927908534
183,0.8138919396473296,1.3244115686780193,0.047662238170614414,0.8587094676385121,0.4017725258493353,0.6121530382595649,0.29901062660315136,0.13645,0.09302972693769866
184,0.9967200076996836,1.2559383076514472,0.05163422074950227,0.859654867914225,0.41945945945945945,0.582145536384096,0.3278411491339248,0.11835,0.08293479516845605
185,0.8750283781764501,1.0337917991672851,0.011848994005028025,0.860363641829191,0.4205740267121341,0.5551387846961741,0.33851784080512354,0.1093,0.07808889727640979
186,0.8900734799063662,1.125462814973541,0.038593083908220506,0.8606208243012701,0.4148108398175476,0.5798949737434359,0.322890559732665,0.1197,0.08342712209215787
187,0.8427898870475898,1.0781127330204965,0.022919911349490125,0.8606975831920696,0.41650724241596065,0.5716429107276819,0.3276010318142734,0.1163,0.0821983664267905
188,0.9079744690682963,1.0868459705410687,0.022273813095762613,0.860822246060792,0.41904234707998894,0.5678919729932483,0.3320175438596491,0.114,0.0800557477546835
189,0.8996552299444577,1.040667506930069,0.02990863482168756,0.8605371329975581,0.421410365335599,0.5581395348837209,0.33848953594176523,0.1099,0.0781982443717561
190,0.7557422159023002,1.121309998229321,0.0518701244794856,0.8602089585984646,0.40823774765380605,0.5873968492123031,0.3128246104674391,0.12515,0.08626457339750779
191,0.9066522486066283,1.2584631508921338,0.049062853087478674,0.8608342823371241,0.4112676056338028,0.6024006001500375,0.31220839813374807,0.1286,0.08849842740778635
192,0.7117314126874368,1.1189333410116478,0.06737906798959131,0.8594850539387939,0.4077720207253886,0.5903975993998499,0.3114364859517214,0.12635,0.08733942356477005
193,0.7661019829298078,1.1799911695921994,0.02261672942363096,0.8600892589355085,0.40737893927747887,0.5963990997749438,0.3093385214007782,0.1285,0.08785934398833099
194,0.7314596318563992,1.1559744112171078,0.025704984018150343,0.8604059195009819,0.41080238898987276,0.5933983495873969,0.3141382049245433,0.1259,0.0871643728513815
195,0.9777981083489584,1.0809735626947805,0.06840819137006393,0.8588929856881642,0.4188958451906659,0.5521380345086272,0.3374598807886291,0.10905,0.07770815158228518
196,0.9987393229342453,1.2890658590534725,0.06906859256234806,0.8580023615214352,0.4165333333333333,0.5858964741185296,0.32312784443525033,0.12085,0.08442593039729686
197,0.8757676586285909,1.0410703948060651,0.07047446840472556,0.860643048210491,0.4171779141104294,0.5611402850712678,0.3320017754105637,0.11265,0.08056659842569987
198,0.987935350462025,1.0350779855772863,0.04596986353142361,0.8601174306540689,0.42189349112426033,0.5348837209302325,0.34831460674157305,0.10235,0.07391207968517981
199,0.8636366860282012,1.3257197991767906,0.0562161311966337,0.859369533817536,0.4052579365079365,0.6129032258064516,0.30270470544646166,0.13495,0.09211771329065586
200,0.8334965922583535,1.240668580318964,0.07777916398370455,0.8590700937676161,0.40379336161716994,0.6069017254313578,0.30254300673148843,0.1337,0.09191467886577594
201,0.9356554736842245,1.0225186568580054,0.05503756163373971,0.8600011670566433,0.42424242424242425,0.5461365341335334,0.3468318246784183,0.10495,0.07564012804506783
202,0.8122611504457252,1.1733837315499773,0.06579168674376223,0.8591730953577306,0.4065372829417773,0.5971492873218305,0.308168795973674,0.12915,0.08867646233559373
203,0.8182023042944291,1.1685239415982018,0.06536791645851547,0.8598235968163306,0.4090325891711573,0.5978994748687172,0.3108424336973479,0.1282,0.08832893787134567
204,0.8962721406606676,1.0255802280370112,0.021838676423501176,0.8609670430678865,0.4236849669445243,0.5528882220555139,0.34342963653308484,0.1073,0.07657942053913867
205,0.9073978504281625,1.2285869953996182,0.03952299812723026,0.8597847753040204,0.4123124676668391,0.5978994748687172,0.3146466640347414,0.12665,0.08694767805746273
206,0.9648447741171408,1.1757632749863747,0.022802163638763744,0.8599210122882143,0.42036124794745483,0.5761440360090022,0.33089185695820766,0.11605,0.08091499449156209
207,0.9039022333745812,1.0297967440383458,0.020035475043590732,0.8615005977347446,0.42219679633867274,0.5536384096024006,0.34119278779472956,0.10815,0.07688809854260674
208,0.7989821207647445,1.1044443738971745,0.06942592225767777,0.8590575149546212,0.41108179419525065,0.5843960990247562,0.3170533170533171,0.12285,0.08566837221356657
209,0.8110815328618253,1.2880131677298599,0.07974748003686091,0.8589268239007575,0.3986304719980435,0.6114028507126782,0.29571843251088537,0.1378,0.093839311274996
210,0.8180563718951219,1.0563273013778178,0.04544647469247056,0.8608432844269353,0.41407528641571195,0.5693923480870218,0.32533219031290184,0.11665,0.08215779032576186
211,0.7233178858433577,1.2824568489239685,0.012413862934045651,0.8602818996386746,0.4075173095944609,0.6181545386346586,0.3039468830689782,0.13555,0.09225165426576983
212,0.729525155702531,1.1582983661610011,0.02337078861730643,0.8600103098041078,0.41117145073700545,0.5963990997749438,0.31373322809786897,0.1267,0.08729771476395262
213,0.9608169582907331,1.284067117584628,0.061576168542058676,0.8593618981163568,0.41388308977035493,0.5948987246811703,0.31732693077230895,0.12495,0.0863482534141206
214,0.8076501715820245,1.0245185197568816,0.05081532266912158,0.8596463078913245,0.4182275649986022,0.5611402850712678,0.3333333333333333,0.1122,0.07995410317456819
215,0.9744150302690014,1.0212066997880067,0.02176450330975114,0.8606594850619763,0.42711457708458306,0.5341335333833458,0.35582208895552225,0.10005,0.0725905126228079
216,0.8338560434066689,1.1336728913594103,0.06681678934210393,0.8596396166058174,0.41036377911541483,0.5881470367591898,0.31511254019292606,0.1244,0.08663862480310447
217,0.9396275544252215,1.1351553876488596,0.05011908659156906,0.860891730941521,0.4139814309120699,0.568642160540135,0.32546157148990984,0.11645,0.08158536389959538
218,0.9521237381998244,1.0370693836967617,0.014584482193508712,0.860944879440517,0.4215743440233236,0.5423855963990998,0.3447782546494993,0.10485,0.07479803188729879
219,0.9463075379786952,1.336905138282483,0.06563855619800027,0.858295271037452,0.40898528272656853,0.5941485371342836,0.31181102362204727,0.127,0.08807850639014675
220,0.7932508248828903,1.164839946390097,0.02341854892727871,0.8602628706675784,0.4098445595854922,0.5933983495873969,0.31301939058171746,0.12635,0.08695662178143175
221,0.8974456896934219,1.2909413808683925,0.07123384173456374,0.8589037359516661,0.4054121773991481,0.6069017254313578,0.30436418359668926,0.1329,0.0907447411966671
222,0.8026945104368413,1.0771707996337725,0.07047678541527805,0.8590383051379709,0.41307259576747923,0.5783945986496624,0.32125,0.12,0.08429684848123288
223,0.7866118833476716,1.0292518271703468,0.03350361021330206,0.8604257522300969,0.41820212171970966,0.5618904726181545,0.3330369052912405,0.11245,0.08011701430551554
224,0.7380493779013123,1.257508348748207,0.01112219893391949,0.860395470646737,0.40761141712568855,0.6106526631657915,0.3059000375798572,0.13305,0.0909761889978425
225,0.7296324837958703,1.0815718650486417,0.012749122302258702,0.8604245064051677,0.41516536703414897,0.5791447861965492,0.3235540653813915,0.1193,0.0831040621428854
226,0.9874652694468591,1.3130024111742677,0.018143557234883364,0.8596730730333518,0.4113096825820219,0.5783945986496624,0.31912251655629137,0.1208,0.08415615325921293
227,0.971028790249934,1.2213051937861246,0.04492484084779066,0.8601431308167213,0.41420118343195267,0.5776444111027756,0.3228511530398323,0.11925,0.08302962755773739
228,0.7691457182549444,1.2758631108436012,0.04424119700963415,0.8596609161933169,0.4019753086419753,0.6106526631657915,0.29959514170040485,0.13585,0.09257648357207371
229,0.8956875615467658,1.2633760440762147,0.0342349928507103,0.859944542304216,0.40933572710951527,0.5986496624156039,0.31098986749805146,0.1283,0.08864449445671269
230,0.8267309108426341,1.048580900414983,0.025339728529249254,0.8595457376692167,0.4153761061946903,0.5633908477119279,0.32895313184406483,0.11415,0.08093323672742618
231,0.7201532379124392,1.113305387445751,0.048201604738512226,0.8596303332006998,0.40762004175365346,0.5858964741185296,0.3125250100040016,0.12495,0.08617380709751143
232,0.7417312605197794,1.33015763646338,0.038449533775080806,0.8601165666141988,0.40408460977388766,0.6234058514628658,0.2989208633093525,0.139,0.09384793469913584
233,0.8581792709852283,1.258553341409903,0.06371749476692812,0.8593786966589505,0.4082557261515228,0.6084021005251313,0.3071969696969697,0.132,0.09128759205991734
234,0.7038420513452474,1.334631346769971,0.036133748037800874,0.8596450218784942,0.4028985507246377,0.6256564141035259,0.29711435696473104,0.14035,0.09478353893177
235,0.8571360161666874,1.0782456990263267,0.054042523034127495,0.8589626916023482,0.41278439869989164,0.5716429107276819,0.32301822806273844,0.11795,0.08294370307777546
236,0.7091879986517405,1.0917268818941,0.015280446713965341,0.859819437368583,0.41467304625199364,0.5851462865716429,0.3211198023878139,0.12145,0.08421059594117243
237,0.788902161316278,1.3495806657216634,0.053505927491083634,0.8587563267310104,0.39864209505334625,0.6166541635408852,0.29451809387316374,0.13955,0.09434989611071976
238,0.824445613232789,1.2057518137407757,0.05412156865365761,0.859102927282686,0.4053848107696215,0.5986496624156039,0.3064516129032258,0.1302,0.08959429790640154
239,0.7714497958354761,1.3435454040766497,0.0770038469594111,0.8584797335027762,0.39980893240984,0.627906976744186,0.29327259985984583,0.1427,0.09535363679011344
240,0.880434035191813,1.0525551985672927,0.05470426924475293,0.8607445427543204,0.4170353982300885,0.5656414103525882,0.3302671922908454,0.11415,0.08063551141781702
241,0.7928240488119996,1.235987476404232,0.04541715712893931,0.8595672984780721,0.4053919121318023,0.609152288072018,0.30377852600074823,0.13365,0.09097306557742157
242,0.9487289436787341,1.3395237427309334,0.04799919207658403,0.8594980346307982,0.41152049818370523,0.5948987246811703,0.31455771519238396,0.12605,0.08739082861646777
243,0.980067827541849,1.1210323755660543,0.07946052926708326,0.8595787520298407,0.4213732004429679,0.5708927231807952,0.33391838525669154,0.11395,0.07981832116199683
244,0.8946215791836647,1.0209043635524078,0.03243197437197737,0.8607002958753831,0.4251152073732719,0.5536384096024006,0.3450210378681627,0.10695,0.07675622109557773
245,0.9923554942587409,1.0430407849315675,0.06618831496348453,0.8598011920615553,0.4216089254257193,0.5386346586646662,0.34635793535938253,0.10365,0.07482123229067615
246,0.7230284946500888,1.0443540869367398,0.01680073688856467,0.8595523284849712,0.41593406593406596,0.5678919729932483,0.3281317728651929,0.11535,0.08116269829841992
247,0.8230523006653233,1.102751936158968,0.025263666512778452,0.8604980904517928,0.4134048257372654,0.5783945986496624,0.3216520650813517,0.11985,0.08380203464601449
248,0.7633830500582697,1.3113835910541378,0.029185513151219367,0.8597293963765222,0.40068409479599315,0.6151537884471118,0.2971014492753623,0.138,0.09333651571635321
249,0.9645821086116984,1.102938223630231,0.04099563649511514,0.8595900247360548,0.42090474852486653,0.5618904726181545,0.33647798742138363,0.1113,0.07850703756715088
